nom_de_l_organisme;adresse_1;adresse_2;dpt;code_postal;commune;numero_convention;date_debut_convention;date_fin_convention;nom_cfa_conventionnel;nom_court_cfa_conventionnel;adresse_cfa_conventionnel;adresse_cfa_conventionnel_suite;code_postal_cfa_conventionnel;ville_cfa_conventionnel;lat;lng;wgs84
Association pour la Formation aux Techniques Industrielles;Domaine de Corbeville;Route Departementale 128;91;91401;ORSAY;CC91105618;2011-01-01;2015-12-31;CFA  pour la Formation aux Techniques Industrielles - AFTI;CFA  pour la Formation aux Techniques Industrielle;Domaine de Corbeville - R D 128;---;91401;ORSAY;48.7131677;2.1848975;48.7131677,2.1848975
Chambre de Métiers et de l'Artisanat du Val de Marne;27 avenue Raspail;---;94;94107;SAINT-MAUR-DES-FOSSES;CC94105626;2011-01-01;2015-12-31;CFA de la Chambre desMétiers et de l'Artisanat du Val de Marne;CFA de la CMA du 94;25 avenue Raspail;---;94100;SAINT-MAUR-DES-FOSSES;48.7861319;2.487838;48.7861319,2.487838
Formation Continue et Insertion Professionnelle - GIP;12 rue Georges Enesco;---;94;94025;CRETEIL;CC94105648;2011-01-01;2015-12-31;CFA de l'Académie de Créteil;CFA de l'academie de Creteil;12 rue Georges Enesco;---;94025;CRETEIL;48.7960135;2.4465234;48.7960135,2.4465234
Institut National de Formation et d'Application (INFA);5/9 rue Anquetil;---;94;94130;NOGENT-SUR-MARNE;CC94128447;2013-01-01;2017-12-31;CFA de l'INFA;CFA de l'INFA;5/9 rue Anquetil;---;94130;NOGENT-SUR-MARNE;48.8422376;2.4886855;48.8422376,2.4886855
CNFPT - Centre National de la Fonction Publique Territoriale;80 rue Reuilly;CS 41232;75;75012;PARIS;CC75128438;2013-01-01;2017-12-31;CFA des métiers territoriaux du CNFPT;CFA du CNFPT;165 rue Jean Jacques Rousseau;---;92130;PARIS;48.8433216;2.3913209;48.8433216,2.3913209
Association pour le développement en alternance en Bijouterie, Joaillerie, Orfèvrerie, Pierres et Perles - ADABJOP;58  rue du Louvre;---;75;75002;PARIS;CC75118251;2012-01-01;2016-12-31;CFA Bijouterie-Joaillerie de Paris;CFA Bijouterie-Joaillerie de Paris;58  rue du Louvre;---;75002;PARIS;48.8658857;2.3434116;48.8658857,2.3434116
Chambre de Commerce et d'Industrie de Paris;27 avenue de Friedland;---;75;75008;PARIS;CC75090103;2009-01-01;2013-12-31;Chambre de Commerce et d'Industrie de Paris;Chambre de Commerce et d'Industrie de Paris;27 avenue de Friedland;---;75008;PARIS;48.8744191;2.301363;48.8744191,2.301363
Association pour la Formation & le Perfectionnement dans le Bâtiment, les Travaux Publics & activités annexes - St Denis;10 rue du Debarcadere;---;75;75852;PARIS;CC75090405;2010-01-01;2014-12-31;CFA du Batiment et des Travaux Publics de Saint-Denis;CFA du Batiment - Saint Denis;21 rue Prairial;---;93200;PARIS;48.8779793;2.2866739;48.8779793,2.2866739
Association pour la Formation & le Perfectionnement dans le Bâtiment, les Travaux Publics & activités annexes (Brétigny);10 rue du Debarcadere;---;75;75852;PARIS;CC75090404;2010-01-01;2014-12-31;CFA du Batiment et des Travaux Publics  de Brétigny;CFA du Batiment et des Travaux Publics de Brétigny;5 avenue Albert Camus;---;91220;PARIS;48.8779793;2.2866739;48.8779793,2.2866739
Association pour la Formation & le Perfectionnement dans le Bâtiment, les Travaux Publics & activités annexes (Ermont);10 rue du Debarcadere;---;75;75852;PARIS;CC75090408;2010-01-01;2014-12-31;CFA du Batiment et des Travaux Publics d'Ermont;CFA du Batiment et des Travaux Publics d'Ermont;18 bis rue Ferdinand Buisson;---;95120;PARIS;48.8779793;2.2866739;48.8779793,2.2866739
Association de Formation de la Grande Distribution;12 rue Alexandre Parodi;---;75;75010;PARIS;CC75118234;2012-01-01;2016-12-31;CFA Commerce, Distribution, Services;CFA CODIS;3 rue Pierre Dupont;---;75010;PARIS;48.8798127;2.3655432;48.8798127,2.3655432
Lycée Professionnel Hôtelier Régional Belliard;135 rue Belliard;---;75;75018;PARIS;CC75118230;2012-01-01;2016-12-31;CFA Public Belliard;CFA Public Belliard;135 rue Belliard;---;75018;PARIS;48.8962499;2.3344885;48.8962499,2.3344885
AFMDCC - Association de formation aux métiers de la danse du chant et de la comédie;2, Quai Aulagnier;---;92;92600;ASNIERES-SUR-SEINE;CC92118255;2012-01-01;2016-12-31;CFA Danse Chant Comédie;CFA Danse Chant Comedie;74 bis rue Lauriston;---;75016;ASNIERES-SUR-SEINE;48.9107379;2.2996151;48.9107379,2.2996151
Association Faculte des Metiers de l'Essonne;3 Chemin de la Grange Feu Louis;---;91;91035;EVRY;CC91105631;2011-01-01;2015-12-31;CFA de la Faculté des Métiers de l'Essonne;CFA  FDME;3 Chemin de la Grange Feu Louis;---;91035;EVRY;48.6236139;2.4568898;48.6236139,2.4568898
Institut National de l'Hygiène et du Nettoyage Industriel;34 bd Maxime Gorki;---;94;94808;VILLEJUIF;CC94090702;2010-01-01;2014-12-31;CFA Environnement et Hygiène des Locaux;CFA Environnement et Hygiène des Locaux;34 bd Maxime Gorki;---;94808;VILLEJUIF;48.7971221;2.3677441;48.7971221,2.3677441
Chambre de Commerce et d'Industrie de Versailles Val d'Oise - Yvelines;21 avenue de Paris;---;78;78021;VERSAILLES;CC78091103;2010-01-01;2014-12-31;CFA de la CCI Versailles Val d'Oise Yvelines;CFA de la CCIV;Chambre de Commerce et d'Industrie;21, avenue de Paris;78000;VERSAILLES;48.8011887;2.1355488;48.8011887,2.1355488
Association pour le Développement de l'Apprentissage Francilien Agricole;3 passage Saint-Pierre;---;78;78000;VERSAILLES;CC78118250;2012-01-01;2016-12-31;CFA des Métiers de l'Agriculture;CFA des Métiers de l'Agriculture;3 Passage Saint-Pierre;---;78000;VERSAILLES;48.8046811;2.1316433;48.8046811,2.1316433
Paris Sports Développement;17 avenue Pierre de Coubertin;---;75;75013;PARIS;CC75128355;2013-01-01;2017-12-31;CFA Université et Sports;CFA Universite et Sports;55 bd Jourdan;---;75014;PARIS;48.8180946;2.3446101;48.8180946,2.3446101
Association Nationale pour la Formation et le Perfectionnement professionnel dans les métiers de l'Edition;21 rue Charles Fourier;---;75;75013;PARIS;CC75118105;2012-01-01;2016-12-31;CFA de l'Edition;CFA de l'Edition;21 rue Charles Fourier;---;75013;PARIS;48.8250298;2.3514793;48.8250298,2.3514793
Institut de Formation Régional des Industries Alimentaires d'Ile-de-France (IFRIA Ile-de-France);44 rue d'Alesia;---;75;75682;PARIS;CC75117997;2012-01-01;2016-12-31;CFA des Industries Agro - Alimentaires d'Ile de France;CFA des Industries Agro-Alimentaires d'Ile de Fran;44 rue d'Alésia;---;75014;PARIS;48.8278447;2.3287486;48.8278447,2.3287486
Association pour la Formation aux Métiers de l'Audiovisuel;4 rue Véronèse;---;75;75013;PARIS;CC75118257;2012-01-01;2016-12-31;CFA des Métiers de l'Audiovisuel;CFA des Metiers de l'Audiovisuel;4 rue Véronèse;---;75013;PARIS;48.8340296;2.3552083;48.8340296,2.3552083
Association ISEP Entreprises;28 rue Notre Dame des Champs;---;75;75006;PARIS;CC75105027;2011-01-01;2015-12-31;CFA Institut Supérieur d'Electronique de Paris - ISEP Entreprises;CFA ISEP Entreprises;28 rue Notre-Dame des Champs;---;75006;PARIS;48.8453351;2.3282756;48.8453351,2.3282756
INFL - Institut National pour la Formation de la Librairie;Tour Orion;12/16 rue de Vincennes;93;93100;MONTREUIL;CC93091101;2010-01-01;2014-12-31;CFA de la Librairie et de la Papeterie de detail;CFA de la Librairie et de la Papeterie de detail;Tour Orion;12/16 rue de Vincennes;93100;MONTREUIL;48.8569899;2.436823;48.8569899,2.436823
Institut Supérieur des Techniques Avancées d'Administration et de Management;37 bis rue des Trois Bornes;---;75;75011;PARIS;CC75090102;2009-01-01;2013-12-31;CFA INSTA;CFA INSTA;37 bis rue des Trois Bornes;---;75011;PARIS;48.8672214;2.3742791;48.8672214,2.3742791
Centre National de l'Aérographie;61, rue Orfila;---;75;75020;PARIS;CC75105617;2011-01-01;2015-12-31;CFA de la Communication Multimédia et des Arts Graphiques;CFA Com. Multimedia et Arts Graphiques;80 rue Jules Ferry;---;93170;PARIS;48.8674468;2.3984965;48.8674468,2.3984965
Association de Formation Coiffure;36 rue du Sentier;---;75;75002;PARIS;CC75090703;2010-01-01;2014-12-31;CFA Soins Personnels Coiffure - Ambroise Croisat;CFA Soins Personnels Coiffure - Ambroise Croisat;27 boulevard Ney;---;75018;PARIS;48.8705934;2.346614;48.8705934,2.346614
Association de Formation et d'Innovation pour les Métiers de l'Industrie et de la Mécanique - SUP II MECAVENIR;12 bis rue des Pavillons;---;92;92800;PUTEAUX;CC92105602;2011-01-01;2015-12-31;CFA SUP II;CFA SUP II;12 bis rue des Pavillons;---;92800;PUTEAUX;48.8824597;2.2430482;48.8824597,2.2430482
Association pour le Développement de la Formation dans le transport - AFT;46 avenue de Villiers;---;75;75017;PARIS;CC75103878;2010-01-01;2014-12-31;CFA des Métiers du Transport et de la Logistique;CFA des Métiers du Transport et de la Logistique;43 rue du Général de Gaulle;---;78490;PARIS;48.8832876;2.3080623;48.8832876,2.3080623
Centre Supérieur de Formation par l'Apprentissage - CESFA;93 boulevard de la Seine;---;92;92000;NANTERRE;CC92128446;2013-01-01;2017-12-31;CFA Centre Supérieur de Formation par l'Apprentissage - CESFA BTP;CFA CESFA;93 boulevard de la Seine;---;92000;NANTERRE;48.9034351;2.193387;48.9034351,2.193387
Centre de Formation d'Ingénieurs par Alternance - CEFIPA;93 boulevard de la Seine;BP 57;92;92000;NANTERRE;CC92090703;2010-01-01;2014-12-31;CFA Ingénieurs - CEFIPA;CFA CEFIPA;93 boulevard de la Seine;BP 602;92000;NANTERRE;48.9034351;2.193387;48.9034351,2.193387
Association des Cours Professionnels de Pharmacie, Santé, Sanitaire, Social et Environnement et Sciences de la Vie;Centre Jean Brudon - Le Technoparc;14 rue Gustave Eiffel;78;78306;POISSY;CC78090701;2010-01-01;2014-12-31;CFA Pharmacie, Santé, Sanitaire et Social;CFA Pharmacie, Sante, Sanitaire et Social;Le Technoparc - 14 rue Gustave Eiffel;---;78300;POISSY;48.929584;2.046982;48.929584,2.046982
Groupement National d'Apprentissage des Métiers de la Réparation de l'Automobile, de la Moto et du Cycle;3 boulevard Gallieni;BP 4;95;95102;ARGENTEUIL;CC95091101;2010-01-01;2014-12-31;CFA du GARAC;CFA du GARAC;3 bd Galliéni;BP 4;95102;ARGENTEUIL;48.9438084;2.2446201;48.9438084,2.2446201
Association pour la Formation par l'Apprentissage CCIV - ESSEC;avenue Bernard Hirsch;BP 50105;95;95800;CERGY-PONTOISE;CC95118259;2012-01-01;2016-12-31;CFA ESSEC;CFA ESSEC;Avenue Bernard Hirsch;BP. 50105;95021;CERGY-PONTOISE;49.0329981;2.0787969;49.0329981,2.0787969
Association pour la Formation des Informaticiens par l'Apprentissage;2 rue René Cassin;ZA La Bonde;91;91300;MASSY;CC91118094;2012-01-01;2016-12-31;CFA AFIA;CFA AFIA;2 rue René Cassin;ZA La Bonde;91300;MASSY;48.7227576;2.28538;48.7227576,2.28538
Association du CFA de la Poissonnerie;1 rue de La Rochelle - Marée 30321;---;94;94569;RUNGIS;CC94090701;2010-01-01;2014-12-31;CFA de la Poissonnerie;CFA de la Poissonnerie;1 rue de La Rochelle;Marée 30321;94150;RUNGIS;48.749358;2.349936;48.749358,2.349936
Chambre d'Apprentissage de la Peinture;6 chemin des Mèches;---;94;94000;CRETEIL;CC94105025;2011-01-01;2015-12-31;CFA de la peinture et des métiers de la Finition -GPPF Formation;CFA peinture- GPPF Formation;6 chemin des Mèches;---;94000;CRETEIL;48.7847456;2.4379024;48.7847456,2.4379024
Association Régionale pour la Formation Professionnelle Automobile;150/156 rue du Maréchal Leclerc;---;94;94410;SAINT-MAURICE;CC94091101;2010-01-01;2014-12-31;CFA des Métiers de l'Automobile - AFORPA;CFA des Metiers de l'Automobile - AFORPA;150 - 156 rue du Maréchal Leclerc;---;94410;SAINT-MAURICE;48.8178313;2.4500521;48.8178313,2.4500521
Association pour la Promotion de l'Apprentissage dans la Logistique et le Transport - APALT;56 bd de Courcerin - Lot n°40;---;77;77183;CROISSY-BEAUBOURG;CC77118137;2012-01-01;2016-12-31;CFA Transport Logistique Voyageur;CFA Transport Logistique Voyageur;Espace Multiservices - Lot N°40;56 bd de Courcerin;77183;CROISSY-BEAUBOURG;48.8248809;2.6304145;48.8248809,2.6304145
Association pour la Promotion Sociale et la Formation Professionnelle dans les Transports et Activités Auxiliaires;12 rue Cabanis;---;75;75014;PARIS;CC75105642;2011-01-01;2015-12-31;CFA Promotrans Ile de France;CFA Promotrans Ile de France;Z.I. de la Patte d'Oie;---;95500;PARIS;48.8303565;2.3398313;48.8303565,2.3398313
Chambre de Commerce et d'Industrie de Seine et Marne;1 avenue Johannes Gutenberg;CS 70045;77;77700;SERRIS;CC77103898;2010-01-01;2014-12-31;CFA UTEC de la Chambre de Commerce et d'Industrie de Seine et Marne;CFA UTEC de la CCI de Seine et Marne;Boulevard Olof Palme;MARNE LA VALLEE;77184;SERRIS;48.8375532;2.795318;48.8375532,2.795318
Chambre d'apprentissage des industries de l'ameublement;200 bis boulevard VOLTAIRE;---;75;75011;PARIS;CC75118060;2012-01-01;2016-12-31;CFA des Métiers d'Art du Décor Interieur;CFA des Metiers d'Art Décor Interieur;200 bis boulevard  Voltaire;---;75011;PARIS;48.8538128;2.3864278;48.8538128,2.3864278
Association des Cours Professionnels et de Perfectionnement pour les Employés et les Préparateurs en Pharmacie;59 & 65 rue Planchat;---;75;75020;PARIS;CC75105636;2011-01-01;2015-12-31;CFA de la Pharmacie Paris Ile de France;CFA de la Pharmacie Paris Ile de France;59 rue Planchat;---;75020;PARIS;48.8564969;2.3960471;48.8564969,2.3960471
Ecole de Travail ORT;4 bis rue des Rosiers;---;75;75004;PARIS;CC75091106;2010-01-01;2014-12-31;CFA Ecole de Travail ORT;CFA Ecole de Travail ORT;4 bis rue des Rosiers;---;75004;PARIS;48.8567225;2.3605436;48.8567225,2.3605436
Conservatoire National des Arts et Métiers - CNAM;292 rue Saint-Martin;---;75;75003;PARIS;CC75090107;2009-01-01;2013-12-31;CFA du Conservatoire National des Arts et Métiers - CNAM;CFA du Conservatoire National Arts et Métiers-CNAM;61, rue du Landy;---;93210;PARIS;48.8667255;2.3542902;48.8667255,2.3542902
EPLEA - Lycée Agricole et Horticole de St Germain en Laye - Chambourcy;Route des Princesses;---;78;78100;SAINT-GERMAIN-EN-LAYE;CC78105608;2011-01-01;2015-12-31;CFA des Metiers de l'Horticulture et du Cheval;CFA des Metiers de l'Horticulture et du Cheval;10 Avenue Desaix;---;78600;SAINT-GERMAIN-EN-LAYE;48.9266905;2.0720892;48.9266905,2.0720892
Chambre de Métiers et de l'Artisanat du Val d'Oise;1 avenue du Parc;---;95;95000;MENANDON;CC95105640;2011-01-01;2015-12-31;CFA de la Chambre de Métiers et Artisanat du Val d'Oise;CFA de la Chambre de Métiers et Artisanat du Val d;1 Avenue du Parc;---;95800;MENANDON;49.047305;2.081392;49.047305,2.081392
ASFO JEUNES 77;1 avenue des Pins;La Rochette - BP 64;77;77001;MELUN;CC77105159;2011-01-01;2015-12-31;CFA Interprofessionnel de Marne la Vallée;CFA Interprofessionnel de Marne la Valle;Rue Willy Brandt;---;77184;MELUN;48.5101262;2.6652198;48.5101262,2.6652198
Association pour la Promotion et la Gestion d'un Centre d'Enseignement Supérieur par l'Apprentissage à Evry;48 Cours Blaise Pascal;---;91;91025;EVRY;CC91090401;2010-01-01;2014-12-31;CFA Evry Val d'Essonne;CFA Evry Val d'Essonne;48 cours Blaise Pascal;---;91025;EVRY;48.6248331;2.430222;48.6248331,2.430222
Association Trajectoire Formation;Place Francois Rabelais;BP 67;78;78280;GUYANCOURT;CC78118185;2012-01-01;2016-12-31;CFA TRAJECTOIRE;CFA TRAJECTOIRE;Place Francois Rabelais;BP 67;78280;GUYANCOURT;48.762895;2.075323;48.762895,2.075323
EPLEFPA de la Bretonnière;La Bretonniere;---;77;77120;CHAILLY-EN-BRIE;CC77091101;2010-01-01;2014-12-31;CFA de l' EPLEFPA  la Bretonnière;CFA AH 77;La Bretonnière;---;77120;CHAILLY-EN-BRIE;48.813781;3.152278;48.813781,3.152278
Association pour la Formation et l'Apprentissage du Sud Ouest Parisien;3 rue Vaudetard;---;92;92130;ISSY-LES-MOULINEAUX;CC92090702;2010-01-01;2014-12-31;CFA Commerce, Gestion, Bureautique (ISIFA);CFA Commerce,Gestion,Bureautique;3 rue Vaudetard;---;92130;ISSY-LES-MOULINEAUX;48.8274166;2.2762578;48.8274166,2.2762578
Asso. gestionnaire dans l'Informatique, les Systèmes d'information, les Télécoms, l'Electronique et Automatisme - AGITEA;9 rue Vésale;---;75;75005;PARIS;CC75090106;2009-01-01;2013-12-31;CFA Informatique Télécoms Electronique - ITE;CFA Informatique Télécoms Electronique - ITE;9 rue Vésale;---;75005;PARIS;48.8379353;2.3525064;48.8379353,2.3525064
Association pour l'Enseignement Privé de l'Optique;163 rue de Sevres;---;75;75015;PARIS;CC75090401;2010-01-01;2014-12-31;CFA de l'optique - AEPO;CFA de l'optique - AEPO;163 rue de Sevres;---;75015;PARIS;48.8455657;2.3125713;48.8455657,2.3125713
Association pour la formation en alternance dans les secteurs du spectacle vivant, de l'audiovisuel et du multimédia;92 avenue Gallieni;---;93;93170;BAGNOLET;CC93090101;2009-01-01;2013-12-31;CFA du spectacle vivant et de l'audiovisuel;CFA du spectacle vivant et de l'audiovisuel;92 avenue Gallieni;---;93170;BAGNOLET;48.8620319;2.4159076;48.8620319,2.4159076
Chambre d'Apprentissage de la Maçonnerie et du Béton Armé;10 rue du Debarcadere;---;75;75017;PARIS;CC75090701;2010-01-01;2014-12-31;"CFA du batiment ""St Lambert Formation""";"CFA du batiment ""St Lambert Formation""";7 rue St Lambert;---;75015;PARIS;48.8779793;2.2866739;48.8779793,2.2866739
Association Professionnelle des Hôteliers, Restaurateurs et Limonadiers;20 rue Méderic;---;75;75017;PARIS;CC75105275;2011-01-01;2015-12-31;CFA des Métiers de l'Hôtellerie - Méderic;CFA des Métiers de l'Hôtellerie - Méderic;20 rue Méderic;---;75017;PARIS;48.880936;2.3040609;48.880936,2.3040609
Association pour le Développement de la Formation dans les Professions du Commerce;48 rue Stephenson;---;75;75018;PARIS;CC75090402;2010-01-01;2014-12-31;CFA STEPHENSON;CFA STEPHENSON;48 rue Stephenson;---;75018;PARIS;48.8881329;2.3561908;48.8881329,2.3561908
Association pour le Développement des Métiers de la Table Jean Blat;17 rue Jacques Ibert;---;75;75017;PARIS;CC75091103;2010-01-01;2014-12-31;CFA des Métiers de la Table;CFA des Metiers de la Table;17 rue Jacques Ibert;---;75017;PARIS;48.888774;2.2904989;48.888774,2.2904989
Institut de Formation et de Perfectionnement aux Métiers;4 bd du Levant;---;92;92000;NANTERRE;CC92105634;2011-01-01;2015-12-31;CFA de l' Institut de Formation et de Perfectionnement aux Métiers;CFA IFPM;4 boulevard du Levant;---;92000;NANTERRE;48.8900747;2.1987558;48.8900747,2.1987558
Chambre de Métiers et de l'Artisanat de la Seine St Denis;16 rue Hector Berlioz;---;93;93016;BOBIGNY;CC93105637;2011-01-01;2015-12-31;CFA Campus des Métiers et de l'Entreprise;CFA Campus des Métiers et de l'Entreprise;91-129 rue Edouard Renard;---;93013;BOBIGNY;48.9051705;2.4565479;48.9051705,2.4565479
Association pour la Formation des Jeunes Sportifs de la Région Ile de France;4 bis Avenue Kennedy;---;78;78100;SAINT-GERMAIN-EN-LAYE;CC78105620;2011-01-01;2015-12-31;CFA Omnisports Ile de France;CFA Omnisports Ile de France;4 bis avenue Kennedy;---;78100;SAINT-GERMAIN-EN-LAYE;48.9146894;2.0854408;48.9146894,2.0854408
Centre d'Enseignement Zootechnique de Rambouillet;Parc du Chateau;Bergerie Nationale;78;78120;RAMBOUILLET;CC78118066;2012-01-01;2016-12-31;CFA Centre d'Enseignement Zootechnique;CFA CEZ;Bergerie Nationale;Parc du Château;78120;RAMBOUILLET;48.6262715;1.8444157;48.6262715,1.8444157
Organisme Gestionnaire du Centre Gustave Eiffel;30 route de Longjumeau;---;91;91380;CHILLY-MAZARIN;CC91118082;2012-01-01;2016-12-31;CFA Centre Gustave Eiffel;CFA Centre Gustave Eiffel;30 route de Longjumeau;---;91395;CHILLY-MAZARIN;48.7077441;2.2972006;48.7077441,2.2972006
Association pour la Formation aux Métiers de l'Aérien;AIR - FRANCE;56, rue de Vilgenis;91;91300;MASSY;CC91105164;2011-01-01;2015-12-31;CFA des Métiers de l'Aérien;CFA des Métiers de l'Aérien;Rue de Vilgénis - Domaine de Vilgenis;---;91300;MASSY;48.730195;2.3020143;48.730195,2.3020143
Association C3 CFA;101 rue de la Fontaine Grelot;---;92;92160;ANTONY;CC92091101;2010-01-01;2014-12-31;C3 CFA;C3 CFA;101 rue de la Fontaine Grelot;---;92160;ANTONY;48.7703113;2.3165816;48.7703113,2.3165816
Association Gestionnaire du CFA des Ressources Humaines;54 bis rue Dombasle;---;75;75015;PARIS;CC75105273;2011-01-01;2015-12-31;CFA des Ressources Humaines;CFA des Ressources Humaines;54 bis rue Dombasle;---;75015;PARIS;48.8353966;2.3016592;48.8353966,2.3016592
Association pour le Développement de l'Apprentissage dans les Sciences et Technologies du Vivant;16 rue Claude Bernard;---;75;75231;PARIS;CC75118253;2012-01-01;2016-12-31;CFA SEV;CFA SEV;16 rue Claude Bernard;---;75005;PARIS;48.8397733;2.3476575;48.8397733,2.3476575
Association INGENIEURS 2000;Parc de la Haute Maison;7 Allée Newton;77;77447;CHAMPS-SUR-MARNE;CC77118117;2012-01-01;2016-12-31;CFA Ingénieurs 2000;CFA Ingenieurs 2000;Parc de la Haute Maison;7 Allée Newton;77447;CHAMPS-SUR-MARNE;48.839942;2.590995;48.839942,2.590995
Association FORMAP;4 rue des Feuillantines;---;75;75005;PARIS;CC75104050;2011-01-01;2015-12-31;CFA de la Miroiterie;CFA de la Miroiterie;4 rue des Feuillantines;---;75005;PARIS;48.8412965;2.3435325;48.8412965,2.3435325
Association Ouvrière des Compagnons du Devoir du Tour de France;82 rue de l'Hotel de Ville;---;75;75004;PARIS;CC75091109;2010-01-01;2014-12-31;CFA Regional des Compagnons du Devoir Ile de France;CFA Regional des Compagnons du DevoirIDF;1 place Saint Gervais;---;75004;PARIS;48.8549851;2.3543533;48.8549851,2.3543533
Association Nationale pour la Formation et la Promotion Professionnelle dans la Bâtellerie;8 rue St Florentin;---;75;75001;PARIS;CC75117901;2011-01-01;2015-12-31;CFA de la Navigation Intérieure;CFA Navigation Intérieure;43 rue du Général de gaulle;---;78490;PARIS;48.8675424;2.3243475;48.8675424,2.3243475
Association du Crédit Agricole Mutuel pour la Diffusion de la Formation;48 rue de la Boetie;---;75;75008;PARIS;CC75105633;2011-01-01;2015-12-31;CFA DIFCAM Banque et Assurances;CFA DIFCAM;192 rue Lecourbe;---;75015;PARIS;48.873766;2.313356;48.873766,2.313356
Chambre d'Apprentissage de l'Electricité;10 rue du Debarcadere;---;75;75017;PARIS;CC75090705;2010-01-01;2014-12-31;CFA de l' Equipement Electrique;CFA de l'Equipement Electrique;8 Impasse Delepine;---;75011;PARIS;48.8779793;2.2866739;48.8779793,2.2866739
Association du CFA de la Couverture et de la Plomberie;10 rue du Debarcadere;---;75;75017;PARIS;CC75105604;2011-01-01;2015-12-31;CFA de la Couverture & de la Plomberie;CFA de la Couverture & de la Plomberie;Lycée Maximilien Peret;Place San Benedetto Del Tronto - BP 56;94140;PARIS;48.8779793;2.2866739;48.8779793,2.2866739
AFORP - Association pour la Formation et le Perfectionnement du personnel des entreprises industrielles;34 avenue Charles de Gaulle;---;92;92200;NEUILLY-SUR-SEINE;CC92103758;2010-01-01;2014-12-31;CFA de l'AFORP;CFA de l'AFORP;34 avenue Charles de Gaulle;---;92200;NEUILLY-SUR-SEINE;48.8796854;2.2776074;48.8796854,2.2776074
Association de Formation et d'Innovation pour les Métiers de l'Industrie et de la Mécanique - SUP II MECAVENIR;12 bis rue des Pavillons;---;92;92800;PUTEAUX;CC92105615;2011-01-01;2015-12-31;CFAI MECAVENIR;CFAI MECAVENIR;12 bis, rue des Pavillons;---;92800;PUTEAUX;48.8824597;2.2430482;48.8824597,2.2430482
Association Formation des Apprentis aux Métiers de la Banque et de la Finance de la Région Ile de France;43-45 avenue de Clichy;---;75;75017;PARIS;CC75091108;2010-01-01;2014-12-31;CFA des Métiers de la Banque et de la Finance;CFA des Metiers de la Banque et de la Finance;43-45 avenue de Clichy;---;75017;PARIS;48.8869746;2.3256422;48.8869746,2.3256422
Institut de Formation de la Profession de l'assurance;20 bis Jardin Boieldieu;Paris la Défense;92;92071;PARIS-LA-DEFENSE;CC92090701;2010-01-01;2014-12-31;CFA de l'Assurance;CFA de l'Assurance;20 bis Jardin Boieldieu;Paris la Défense 8;92071;PARIS-LA-DEFENSE;48.8875643;2.237951;48.8875643,2.237951
Association pour la Formation par l'Apprentissage des Personnels de l'Hôspitalisation Privée d'Ile de France;15 rue Aristide Briand;---;92;92300;LEVALLOIS-PERRET;CC92118258;2012-01-01;2016-12-31;CFA des Métiers de la Santé et de la Solidarité;CFA des Métiers de la Santé et de la Solidarité;15 rue Aristide Briand;---;92300;LEVALLOIS-PERRET;48.889944;2.2824135;48.889944,2.2824135
Association pour la Formation aux Métiers des Energies Electriques IDF - AFMEE;45 rue Kléber;---;92;92300;LEVALLOIS PERRET;CC92117935;2011-01-01;2015-12-31;CFA des Métiers de l' Energie Ile-de-France;CFA Métiers de l' Energie Ile-de-France;Campus de Formation du groupe EDF;Rue Albert Thomas;78130;LEVALLOIS PERRET;48.8940689;2.2836421;48.8940689,2.2836421
Association pour la Formation dans la Distribution et l'Industrie des Produits de l'Electronique Grand Public;84 rue Villeneuve;Immeuble Le Capella;92;92587;CLICHY;CC92118100;2012-01-01;2016-12-31;CFA Eugene DUCRETET;CFA Eugene DUCRETET;84 rue Villeneuve;Immeuble Le Capella;92587;CLICHY;48.907718;2.3174588;48.907718,2.3174588
Association Francilienne de Formation Interprofessionnelle pour le Développement de l'Apprentissage;84 bis Boulevard Héloïse;---;95;95100;ARGENTEUIL;CC95118174;2012-01-01;2016-12-31;CFA de l'Association Francilienne de Formation Interprofessionnelle pour le Développement de l'Apprentissage;CFA de l'AFFIDA;84 boulevard Héloïse;---;95104;ARGENTEUIL;48.9389542;2.2473742;48.9389542,2.2473742
Association Union Université Economie;Pole Universitaire d'Ingenierie;Batiment 640;91;91405;ORSAY;CC91090701;2010-01-01;2014-12-31;CFA UNION;CFA UNION;Pole Universitaire d'Ingénierie;Bat. 640;91405;ORSAY;48.697161;2.189617;48.697161,2.189617
Association Pour le Développement de l'Apprentissage dans les Professions Sanitaires et Sociales en Ile-de-France;127 avenue d'Italie;---;75;75013;PARIS;CC75091102;2010-01-01;2014-12-31;CFA Social et Médico-Social;CFA Social et Médico-Social;127 avenue d'Italie;---;75013;PARIS;48.8210008;2.3589213;48.8210008,2.3589213
FORMASUP PARIS;4 rue Blaise Desgoffe;---;75;75006;PARIS;CC75128391;2013-01-01;2017-12-31;CFA FORMASUP PARIS;CFA FORMASUP PARIS;4 rue Blaise Desgoffe;---;75006;PARIS;48.8459288;2.3243139;48.8459288,2.3243139
PARIS-ACADEMIE-ENTREPRISES;94 avenue Gambetta;---;75;75020;PARIS;CC75118096;2012-01-01;2016-12-31;CFA Paris-Academie-Entreprises;CFA Paris-Academie-Entreprises;94 avenue Gambetta;---;75020;PARIS;48.8704652;2.403498;48.8704652,2.403498
Centre Européen de Formation par Alternance et d'Apprentissage de l'industrie hôtelière et du tourisme;22 rue d'Anjou;---;75;75008;PARIS;CC75118138;2012-01-01;2016-12-31;CFA CEFAA;CFA CEFAA;Avenue Jean Fourgeaud;---;93421;PARIS;48.871157;2.3216394;48.871157,2.3216394
Association de Formation en Alternance aux Métiers du Négoce et de la Maintenance;5 rue du Cardinal Mercier;---;75;75009;PARIS;CC75105170;2011-01-01;2015-12-31;CFA FNAS - FEDENE - SNEFCCA;CFA FNAS - FEDENE - SNEFCCA;Place San Benedetto Del Tronto;---;94140;PARIS;48.8810725;2.3292334;48.8810725,2.3292334
Centre National de Formation, de Perfectionnement et de Promotion Sociale de la Charcuterie - CEPROC;15 rue Jacques Bingen;---;75;75017;PARIS;CC75090702;2010-01-01;2014-12-31;CFA des Métiers de la Gastronomie;CFA des Metiers de la Gastronomie;19 rue Goubet;---;75019;PARIS;48.8832874;2.3120416;48.8832874,2.3120416
Association Gestionnaire du CFA des Métiers du Tourisme;24, rue Stephenson;---;75;75018;PARIS;CC75090101;2009-01-01;2013-12-31;CFA des Métiers du Tourisme;CFA des Metiers du Tourisme;24, rue Stephenson;---;75018;PARIS;48.8866641;2.3565177;48.8866641,2.3565177
"FEDERATION COMPAGNONNIQUE DES METIERS DU BATIMENTS ""Groupe Ile de France""";143 avenue Jean Jaures;---;75;75019;PARIS;CC75090104;2009-01-01;2013-12-31;CFA Compagnonnique d'Apprentissage Ile de France;CFA Compagnonnique d'Apprentissage IDF;2 rue de Guermantes;---;77400;PARIS;48.8866931;2.3845114;48.8866931,2.3845114
Association pour le Développement de l'Alternance dans l'Enseignement Supérieur;12 avenue Leonard de Vinci;---;92;92909;PARIS-LA-DEFENSE;CC92106477;2011-01-01;2015-12-31;CFA Léonard de Vinci;CFA Leonard de Vinci;Pôle Universitaire Léonard de Vinci;---;92909;PARIS-LA-DEFENSE;48.896288;2.236211;48.896288,2.236211
Institut National du Cycle et du Motocycle;47 rue du Commandant Rolland;---;93;93350;LE BOURGET;CC93091111;2010-01-01;2014-12-31;CFA des Métiers du Cycle et du Motocycle;CFA du Cycle et du Motocycle;47 rue du Commandant Rolland;---;93350;LE BOURGET;48.9328655;2.4359805;48.9328655,2.4359805
CAMAS - Centre d'Apprentissage des Métiers de l'Assistance au sol;7 Impasse Niepce;---;93;93290;TREMBLAY EN FRANCE;CC93118254;2012-01-01;2016-12-31;CFA CAMAS;CFA CAMAS;7 Impasse Niepce;---;93290;TREMBLAY EN FRANCE;48.967262;2.5707812;48.967262,2.5707812
Association pour la Formation Professionnelle dans le Bâtiment et Travaux Publics de Seine et Marne;200 rue de la Fosse aux Anglais;---;77;77196;DAMMARIE-LES-LYS;CC77090701;2010-01-01;2014-12-31;CFA du Bâtiment et des Travaux Publics de Seine et Marne - AFOBAT 77;CFA du Batiment et des Travaux Publics;200 rue de la Fosse aux Anglais;---;77190;DAMMARIE-LES-LYS;48.5311634;2.6436462;48.5311634,2.6436462
Centre Horticole d'Enseignement et de Promotion;43 rue du Général de Gaulle;---;78;78490;LE-TREMBLAY-SUR-MAULDRE;CC78117896;2011-01-01;2015-12-31;CFA  du CHEP des Métiers Verts;CFA  du CHEP des Métiers Verts;43 avenue du Général de Gaulle;---;78490;LE-TREMBLAY-SUR-MAULDRE;48.7703081;1.8784755;48.7703081,1.8784755
Chambre de Métiers et de l'Artisanat des Yvelines;19 Avenue du General Mangin;RP 854;78;78008;VERSAILLES;CC78105629;2011-01-01;2015-12-31;CFA de la Chambre de Métiers et de l'Artisanat des Yvelines;CFA de la CMA du 78;17 avenue du Gal Mangin;---;78008;VERSAILLES;48.8134384;2.1394013;48.8134384,2.1394013
LEEM Apprentissage;88 rue de la Faisanderie;---;75;75116;PARIS;CC75118154;2012-01-01;2016-12-31;CFA LEEM  Apprentissage;CFA LEEM  Apprentissage;15 rue Rieux;---;92517;PARIS;48.866639;2.2743796;48.866639,2.2743796
Association pour l'Insertion des Jeunes dans le Secteur Ferroviaire - AIJF;44 rue de Rome;---;75;75008;PARIS;CC75103738;2010-01-01;2014-12-31;CFA de la SNCF;CFA de la SNCF;44 rue de Rome;---;75008;PARIS;48.8780748;2.3228033;48.8780748,2.3228033
Chambre Syndicale des Fleuristes d'Ile de France;3 rue Hassard;---;75;75019;PARIS;CC75104043;2011-01-01;2015-12-31;CFA de l'Ecole des Fleuristes de Paris;CFA de l'Ecole des Fleuristes de Paris;3 rue Hassard;---;75019;PARIS;48.8785653;2.3841481;48.8785653,2.3841481
Institut de Gestion Sociale;1 rue Jacques Bingen;---;75;75017;PARIS;CC75118103;2012-01-01;2016-12-31;CFA Institut de Gestion Sociale;CFA IGS;12 rue Alexandre Parodi;---;75010;PARIS;48.8831493;2.3106117;48.8831493,2.3106117
LE STUDIO;STUDIO-THEATRE - 3 rue Edmond Fantin;---;92;92600;ASNIERES-SUR-SEINE;CC92105605;2011-01-01;2015-12-31;CFA des Comédiens;CFA des Comediens;3 rue Edmond Fantin;---;92600;ASNIERES-SUR-SEINE;48.9114063;2.2893046;48.9114063,2.2893046
Académie Fratellini;Rue des cheminots;Quartier Landy France;93;93210;SAINT-DENIS;CC93118252;2012-01-01;2016-12-31;CFA des Arts du Cirque;CFA des Arts du Cirque;rue des Cheminots;Quartier Landy-France;93210;SAINT-DENIS;48.916764;2.3525464;48.916764,2.3525464
Municipalité d'Enghien;57 rue du Gal de Gaulle;---;95;95880;ENGHIEN-LES-BAINS;CC95090401;2010-01-01;2014-12-31;CFA de la Ville d'Enghien les Bains;CFA de la Ville d'Enghien les Bains;71  Avenue de ceinture;---;95880;ENGHIEN-LES-BAINS;48.9703013;2.3065893;48.9703013,2.3065893
Lycée Polyvalent du Gué à Tresmes;Domaine du Gue a Tresmes;BP 03;77;77440;CONGIS-SUR-THEROUANNE;CC77105638;2011-01-01;2015-12-31;CFA Alexis Tingaud;CFA Alexis Tingaud;Domaine du Gué à Tresmes;BP 03;77440;CONGIS-SUR-THEROUANNE;49.007185;2.97453;49.007185,2.97453
Association Maison Familiale Rurale de la Grange Colombe;5 rue de la Grange Colombe;Le Patis;78;78120;RAMBOUILLET;CC78118197;2012-01-01;2016-12-31;CFA Maison Familiale de la Grange Colombe;CFA Maison Familiale de la Grange Colombe;5 rue de la Grange Colombe;Le Patis;78120;RAMBOUILLET;48.6558924;1.8477692;48.6558924,1.8477692
Institut d'Optique Théorique et Appliquée;Campus Polytechnique;RD 128;91;91127;PALAISEAU;CC91118101;2012-01-01;2016-12-31;CFA Sup Optique;CFA Sup Optique;Campus Polytechnique;Route Départementale 128;91127;PALAISEAU;48.714509;2.245748;48.714509,2.245748
Centre Promotionnel d'Orcemont Apprentissage (CPO.A);13 rue Denis Papin;---;78;78190;TRAPPES;CC78091102;2010-01-01;2014-12-31;CFA des Métiers du BTP - CFM BTP;CFA des Metiers du BTP - CFM BTP;13 rue Denis Papin;---;78190;TRAPPES;48.7667829;1.9984731;48.7667829,1.9984731
Centre Régional de Formation Multiprofessionnel;2 rue Lacaze;---;75;75014;PARIS;CC75091107;2010-01-01;2014-12-31;CERFAL  - Centre Régional de Formation Multiprofessionnel;CERFAL;2 rue Lacaze;---;75014;PARIS;48.8248547;2.3311116;48.8248547,2.3311116
Association pour le Développement de la Formation Supérieure par Alternance;4 - 6 allee Kepler;Parc de la Haute Maison;77;77420;CHAMPS-SUR-MARNE;CC77105644;2011-01-01;2015-12-31;CFA Descartes de Marne la Vallée;CFA Descartes;4 - 6 allee kepler;Parc de la Haute Maison;77420;CHAMPS-SUR-MARNE;48.8358736;2.5902094;48.8358736,2.5902094
Animal Pro Formation;10 Place Leon Blum;---;75;75011;PARIS;CC75091101;2010-01-01;2014-12-31;CFA Santé Animale;CFA Santé Animale;10 Place Leon Blum;---;75011;PARIS;48.8584723;2.3802292;48.8584723,2.3802292
Association  Institut des Métiers et des Compétence en Alternance;5, 7 rue Moncey;---;75;75009;PARIS;CC75091110;2010-01-01;2014-12-31;CFA  Institut des Métiers et des Compétences en  Alternance;CFA  IMC Apprentissage;5 rue Saint-Denis;---;75001;PARIS;48.8800054;2.3305628;48.8800054,2.3305628
Association des Comptables - Métiers et Professions;70 rue Marius Aufan;---;92;92300;LEVALLOIS PERRET;CC92118213;2012-01-01;2016-12-31;CFA de la Comptabilite;CFA de la Comptabilite;70 rue Marius Aufan;---;92300;LEVALLOIS PERRET;48.891311;2.2838983;48.891311,2.2838983
Ecole Nationale de Commerce BESSIERES;E.N.C BESSIERES;70, bd Bessieres;75;75847;PARIS;CC75090403;2009-01-01;2013-12-31;CFA Public BESSIERES;CFA Public BESSIERES;70, bd Bessières;---;75017;PARIS;48.8971266;2.3206;48.8971266,2.3206
Association de Formation Interprofessionnelle de Poissy et Environs;7 bis Enclos de l'Abbaye;---;78;78300;POISSY;CC78118102;2012-01-01;2016-12-31;CFA VENTE ET COMMERCE - AFIPE;CFA VENTE ET COMMERCE - AFIPE;7 bis Enclos de l'Abbaye;---;78300;POISSY;48.9277328;2.0360868;48.9277328,2.0360868
Association Vecteur (Valorisation et Enseignement des Connaissances et Techniques de l'Environnement Urbain);Chateau d'Ecancourt;rue d'Ecancourt;95;95280;JOUY-LE-MOUTIER;CC95118248;2012-01-01;2016-12-31;CFA Institut de l'Environnement Urbain;CFA Institut de l'Environnement Urbain;Campus Veolia Environnement;rue d'Ecancourt;95280;JOUY-LE-MOUTIER;49.015695;2.047209;49.015695,2.047209
Association de Formation et d'Action Sociale des Ecuries de Courses;Allee de Jardy;BP 70419;60;60635;CHANTILLY;CC60118256;2012-01-01;2016-12-31;CFA de Grosbois;CFA de Grosbois;Domaine de Grosbois;---;94470;CHANTILLY;49.1801243;2.456139;49.1801243,2.456139
Association Gestionnaire du CFA des Métiers de la Logistique et du Transport de Savigny le Temple;Rue du Zinc - ZAC de Villeboulet;---;77;77176;SAVIGNY-LE-TEMPLE;CC77105611;2011-01-01;2015-12-31;CFA des Metiers de la Logistique et du Transport;CFA des Metiers de la Logistique et du Transport;Rue du Zinc - ZAC de Villebouvet;---;77176;SAVIGNY-LE-TEMPLE;48.59586;2.580987;48.59586,2.580987
Groupement d'Intérêt Public Formation Continue et Insertion Professionnelle - GIP-FCIP;19 avenue du Centre;---;78;78280;GUYANCOURT;CC78090702;2009-01-01;2013-12-31;CFA Versailles Académie Avenir Apprentissage - V3A;CFA V3A;19 avenue du Centre;---;78280;GUYANCOURT;48.787432;2.0504764;48.787432,2.0504764
Association Ecole de Boulangerie et de Patisserie de Paris;64 rue des Pirogues de Bercy;---;75;75012;PARIS;CC75091104;2010-01-01;2014-12-31;CFA Ecole de Boulangerie et de Patisserie de Paris;CFA de la Boulangerie et de la Patisserie;64 rue des Pirogues de Bercy;---;75012;PARIS;48.8338633;2.3889727;48.8338633,2.3889727
FORMAPOSTE Ile de France;46-48 rue de Lagny;---;93;93100;MONTREUIL;CC93128357;2013-01-01;2017-12-31;CFA des Métiers de la Poste - Ile de France;CFA des Métiers de la Poste - Ile de France;46 - 48 rue de Lagny;---;93100;MONTREUIL;48.8490003;2.4251505;48.8490003,2.4251505
Lycée Technique Public Dorian;74, avenue Philippe Auguste;---;75;75011;PARIS;CC75105628;2011-01-01;2015-12-31;CFA Public Dorian;CFA Public Dorian;74, avenue Philippe Auguste;---;75011;PARIS;48.854333;2.3922405;48.854333,2.3922405
Chambre Syndicale de la Haute Couture;100 - 102 rue du Faubourg St Honore;---;75;75008;PARIS;CC75105607;2011-01-01;2015-12-31;CFA de la Chambre Syndicale de la Haute Couture;CFA de la Chambre Syndicale de la Haute Couture;119 rue Réaumur;---;75002;PARIS;48.8713552;2.315712;48.8713552,2.315712
Association pour la Formation dans l'Industrie - AFI;232 avenue Napoleon Bonaparte;---;92;92852;RUEIL-MALMAISON;CC92105646;2011-01-01;2015-12-31;CFA Energie - Motorisations;CFA Energie - Motorisations;232 avenue Napoléon Bonaparte;---;92852;RUEIL-MALMAISON;48.8771684;2.172909;48.8771684,2.172909
Chambre des Professionnels du Bois, Charpente Menuiserie Agencement;10 rue du Debarcadere;---;75;75017;PARIS;CC75090704;2010-01-01;2014-12-31;CFA de la Chambre des Professionnels du Bois;CFA de la Chambre des Professionnels du Bois;93 rue de l'Ouest;---;75014;PARIS;48.8779793;2.2866739;48.8779793,2.2866739
Assoc. pour la Formation &le Perfectionnement dans le Bâtiment, les Travaux Publics & activités annexes(Rueil Malmaison);10 rue du Debarcadere;---;75;75852;PARIS;CC75090407;2010-01-01;2014-12-31;CFA du Batiment de Rueil Malmaison;CFA du Batiment de Rueil Malmaison;35 rue du Marquis de Coriolis;---;92500;PARIS;48.8779793;2.2866739;48.8779793,2.2866739
Association pour la Formation dans les Industries Chimiques et Parachimiques de la région IdF;Immeuble KUPKA A;18 rue Hoche;92;92800;PUTEAUX;CC92091103;2010-01-01;2014-12-31;CFA AFI 24;CFA AFI 24 Ile de France;Immeuble KUPKA A;18 rue Hoche;92980;PUTEAUX;48.8908551;2.2339093;48.8908551,2.2339093
Centre Interprofessionnel de Formation des Commerces de l'Alimentation;14-16 rue des Fillettes;---;75;75018;PARIS;CC75105610;2011-01-01;2015-12-31;CFA des Commerces de l'Alimentation;CFA des Commerces de l'Alimentation;14 - 16 rue des Fillettes;---;75018;PARIS;48.8945949;2.3634125;48.8945949,2.3634125
Association de Gestion des Centres de Formation d'Apprentis Saint-Jean;12 rue du Marechal Juin;---;95;95210;SAINT-GRATIEN;CC95118249;2012-01-01;2016-12-31;CFA SAINT JEAN;CFA SAINT JEAN;12 rue du Maréchal Juin;---;95210;SAINT-GRATIEN;48.9631052;2.2891319;48.9631052,2.2891319
Association Maison Familiale Rurale du Moulin de la Planche;45 route d'Artondu;---;91;91150;ORMOY-LA-RIVIERE;CC91118194;2012-01-01;2016-12-31;CFA MFR de la Maison Familiale du Moulin de la Planche;Maison Familiale du Moulin de la Planche;45 route d'Artondu;---;91150;ORMOY-LA-RIVIERE;48.3981536;2.1436644;48.3981536,2.1436644
CMA Chambre de Métiers et de l'Artisanat de la  Seine et Marne;4 avenue du Général Leclerc;Château Gruber;77;77000;MELUN;CC77117909;2011-01-01;2015-12-31;CFA de la Chambre de Métiers et de l'Artisanat de la Seine et Marne;CFA de la CMA  de la Seine et Marne;4 avenue du Général Leclerc;Château Gruber;77000;MELUN;48.5268977;2.6532969;48.5268977,2.6532969
Association En Mouvement;1 rue Leo Lagrange;---;78;78197;TRAPPES;CC78118106;2012-01-01;2016-12-31;CFA Académique en Mouvement;CFA Academique en Mouvement;23 rue Fernand Pelloutier;---;92110;TRAPPES;48.7774475;1.9810168;48.7774475,1.9810168
Association pour la Formation Universitaire par l'Apprentissage;Moulin de la Chaussee;Place Jean Jaures;94;94410;SAINT-MAURICE;CC94090703;2010-01-01;2014-12-31;CFA SUP 2000;CFA SUP 2000;Moulin de la Chaussée;Place Jean Jaurès;94410;SAINT-MAURICE;48.8154527;2.4549203;48.8154527,2.4549203
Lycée Polyvalent Georges CORMIER;6 rue des Templiers;---;77;77120;COULOMMIERS;CC77090702;2010-01-01;2014-12-31;CFA  LP Georges Cormier;CFA LP Georges Cormier;6 rue des Templiers;---;77120;COULOMMIERS;48.824111;3.093208;48.824111,3.093208
Ecole Professionnelle de la Boucherie de Paris et de la Région Parisienne;37 boulevard Soult;---;75;75012;PARIS;CC75091105;2010-01-01;2014-12-31;CFA des Metiers de la Viande;CFA des Metiers de la Viande;37 Bd Soult;---;75012;PARIS;48.8379208;2.4081992;48.8379208,2.4081992
Assoc. pour la Formation &le Perfectionnement dans le Bâtiment, les Travaux Publics & activités annexes(Noisy le Grand);10 rue du Debarcadere;---;75;75852;PARIS;CC75090406;2010-01-01;2014-12-31;CFA du Batiment de Noisy le Grand;CFA du Batiment de Noisy le Grand;1 - 3 rue du Ballon;---;93160;PARIS;48.8779793;2.2866739;48.8779793,2.2866739
Association pour le Développement par les Entreprises de Sections d'Apprentissage;8 rue d'Athenes;---;75;75009;PARIS;CC75128448;2013-01-01;2017-12-31;CFA SACEF- Centre de Formation d'Apprentis des Sections d'Apprentissage Créées par les Entreprises Franciliennes;CFA SACEF;8 rue d'Athènes;---;75009;PARIS;48.8780916;2.3289424;48.8780916,2.3289424
Association des Comptables Enseignement;40 rue de Liege;---;75;75008;PARIS;CC75118090;2012-01-01;2016-12-31;CFA pour l'Expertise Comptable;CFA pour l'Expertise Comptable;58 rue du Professeur GOSSET;---;75018;PARIS;48.8793087;2.3245621;48.8793087,2.3245621
Fédération Francaise de la Carrosserie;12 rue Léon Jost;---;75;75017;PARIS;CC75104319;2011-01-01;2015-12-31;CFA de la Carrosserie;CFA de la Carrosserie;65 boulevard Gallieni;---;92390;PARIS;48.8805377;2.3027641;48.8805377,2.3027641
Association Régionale pour la Formation des Animateurs;29 rue David d'Angers;---;75;75019;PARIS;CC75118247;2012-01-01;2016-12-31;CFA des Métiers du Sport et de l'Animation ARFA;CFA des Métiers du Sport et de l'Animation ARFA;29 rue David d'Angers;---;75019;PARIS;48.8823582;2.3919605;48.8823582,2.3919605
